"kingdom","phylum","class","order","family","genus","valid_name","scientificname","adult","adult_simple","adult_tidy","valid_AphiaID","rank"
"Chromista","Heterokontophyta","Bacillariophyceae","Achnanthales","Achnanthaceae","Achnanthes","Achnanthes","Achnanthes","phytoplankton","Other","Plankton"," 149191","Genus"
"Chromista","Ciliophora","Litostomatea","Pleurostomatida","Litonotidae","Acineria","Acineria incurvata","Acineria incurvata","benthos","Macrobenthos","Macrobenthos"," 426633","Species"
"Chromista","Myzozoa","Dinophyceae","Gymnodiniales","Gymnodiniaceae","Akashiwo","Akashiwo","Akashiwo","phytoplankton","Other","Plankton"," 231787","Genus"
"Chromista","Myzozoa","Dinophyceae","Gonyaulacales","Pyrocystaceae","Alexandrium","Alexandrium","Alexandrium","phytoplankton","Other","Plankton"," 109470","Genus"
"Chromista","Myzozoa","Dinophyceae","Gonyaulacales","Pyrocystaceae","Alexandrium","Alexandrium andersonii","Alexandrium andersonii","mixoplankton","Other","Plankton"," 246835","Species"
"Chromista","Myzozoa","Dinophyceae","Gonyaulacales","Pyrocystaceae","Alexandrium","Alexandrium margalefii","Alexandrium margalefii","phytoplankton","Other","Plankton"," 233447","Species"
"Chromista","Myzozoa","Dinophyceae","Gonyaulacales","Pyrocystaceae","Alexandrium","Alexandrium ostenfeldii","Alexandrium ostenfeldii","microplankton","Other","Plankton"," 109712","Species"
"Chromista","Cercozoa",NA,NA,NA,"Allas","Allas","Allas","zooplankton","Other","Plankton"," 603763","Genus"
"Protozoa","Sulcozoa","Apusomonadea","Apusomonadida","Apusomonadidae","Amastigomonas","Amastigomonas","Amastigomonas",NA,NA,NA," 103425","Genus"
"Chromista","Myzozoa","Dinophyceae","Syndiniales","Amoebophryaceae","Amoebophrya","Amoebophrya","Amoebophrya","zooplankton","Other","Plankton"," 109448","Genus"
"Chromista","Myzozoa","Dinophyceae","Peridiniales","Oxytoxaceae","Amphidiniopsis","Amphidiniopsis","Amphidiniopsis","nanoplankton","Other","Plankton"," 109556","Genus"
"Chromista","Myzozoa","Dinophyceae","Peridiniales","Oxytoxaceae","Amphidiniopsis","Amphidiniopsis rotundata","Amphidiniopsis rotundata","microbenthos","Other","Microbenthos"," 626385","Species"
"Chromista","Myzozoa","Dinophyceae","Amphidiniales","Amphidiniaceae","Amphidinium","Amphidinium","Amphidinium","phytoplankton","Other","Plankton"," 109473","Genus"
"Chromista","Myzozoa","Dinophyceae","Amphidiniales","Amphidiniaceae","Amphidinium","Amphidinium asymmetricum","Amphidinium asymmetricum","phytoplankton","Other","Plankton"," 109720","Species"
"Chromista","Ciliophora","Litostomatea","Pleurostomatida","Amphileptidae","Amphileptus","Amphileptus","Amphileptus","benthos","Macrobenthos","Macrobenthos"," 390708","Genus"
"Chromista","Heterokontophyta","Bacillariophyceae","Thalassiophysales","Catenulaceae","Amphora","Amphora","Amphora","phytoplankton","Other","Plankton"," 149200","Genus"
"Chromista","Ciliophora","Oligotrichea","Choreotrichida","Tintinnidae","Amphorellopsis","Amphorellopsis","Amphorellopsis","microplankton","Other","Plankton"," 425527","Genus"
"Chromista","Myzozoa","Conoidasida","Eugregarinorida","Lecudinidae","Ancora","Ancora","Ancora",NA,NA,NA," 562695","Genus"
"Protozoa","Loukozoa","Jakobea","Ancyromonadida","Ancyromonadidae","Ancyromonas","Ancyromonas atlantica","Ancyromonas atlantica",NA,NA,NA,"1738155","Species"
"Protozoa","Loukozoa","Jakobea","Ancyromonadida","Ancyromonadidae","Ancyromonas","Ancyromonas indica","Ancyromonas indica",NA,NA,NA,"1738156","Species"
"Protozoa","Loukozoa","Jakobea","Ancyromonadida","Ancyromonadidae","Ancyromonas","Ancyromonas sigmoides","Ancyromonas sigmoides",NA,NA,NA," 118040","Species"
"Protozoa","Loukozoa","Jakobea","Jakobida","Andaluciidae","Andalucia","Andalucia","Andalucia",NA,NA,NA,"1738566","Genus"
"Chromista","Ochrophyta","Dictyochophyceae","Pedinellales","Actinomonadaceae","Apedinella","Apedinella radians","Apedinella radians","phytoplankton","Other","Plankton"," 248097","Species"
"Chromista","Oomycota","Peronosporea","Saprolegniales","Leptolegniaceae","Aphanomyces","Aphanomyces","Aphanomyces",NA,NA,NA," 394836","Genus"
"Animalia","Xenacoelomorpha",NA,"Acoela","Isodiametridae","Aphanostoma","Aphanostoma","Aphanostoma","macrobenthos","Macrobenthos","Macrobenthos"," 142142","Genus"
"Chromista","Myzozoa","Dinophyceae","Dinophyceae incertae sedis",NA,"Apicoporus","Apicoporus","Apicoporus","mixoplankton","Other","Plankton"," 836528","Genus"
"Chromista","Bigyra","Labyrinthulea","Thraustochytrida","Aplanochytriidae","Aplanochytrium","Aplanochytrium","Aplanochytrium",NA,NA,NA," 162949","Genus"
"Chromista","Heterokontophyta","Bacillariophyceae","Ardissoneales","Ardissoneaceae","Ardissonea","Ardissonea formosa","Ardissonea formosa","benthos","Macrobenthos","Macrobenthos"," 621678","Species"
"Chromista","Ciliophora","Spirotrichea","Euplotida","Aspidiscidae","Aspidisca","Aspidisca","Aspidisca","benthos","Macrobenthos","Macrobenthos"," 179324","Genus"
"Chromista","Ciliophora","Spirotrichea","Euplotida","Aspidiscidae","Aspidisca","Aspidisca aculeata","Aspidisca aculeata","benthos","Macrobenthos","Macrobenthos"," 417096","Species"
"Chromista","Ciliophora","Spirotrichea","Euplotida","Aspidiscidae","Aspidisca","Aspidisca fusca","Aspidisca fusca","benthos","Macrobenthos","Macrobenthos"," 417099","Species"
"Chromista","Ciliophora","Spirotrichea","Euplotida","Aspidiscidae","Aspidisca","Aspidisca leptaspis","Aspidisca leptaspis","benthos","Macrobenthos","Macrobenthos"," 417100","Species"
"Chromista","Ciliophora","Spirotrichea","Euplotida","Aspidiscidae","Aspidisca","Aspidisca magna","Aspidisca magna","benthos","Macrobenthos","Macrobenthos"," 417103","Species"
"Chromista","Ciliophora","Spirotrichea","Euplotida","Aspidiscidae","Aspidisca","Aspidisca orthopogon","Aspidisca orthopogon","benthos","Macrobenthos","Macrobenthos"," 427650","Species"
"Chromista","Heterokontophyta","Bacillariophyceae","Asterolamprales","Asterolampraceae","Asteromphalus","Asteromphalus","Asteromphalus","phytoplankton","Other","Plankton"," 162254","Genus"
"Chromista","Oomycota","Peronosporea","Saprolegniales","Haliphthoraceae","Atkinsiella","Atkinsiella dubia","Atkinsiella dubia",NA,NA,NA," 172150","Species"
"Chromista","Myzozoa","Dinophyceae","Dinophyceae incertae sedis","Amphidomataceae","Azadinium","Azadinium","Azadinium","nanoplankton","Other","Plankton"," 391508","Genus"
"Animalia","Entoprocta",NA,NA,"Barentsiidae","Barentsia","Barentsia hildegardae","Barentsia hildegardae","meiobenthos","Macrobenthos","Macrobenthos"," 851772","Species"
"Chromista","Bigyra","Bicosoecophyceae","Bicosoecales","Bicosoecaceae","Bicosoeca","Bicosoeca","Bicosoeca","phytoplankton","Other","Plankton"," 601409","Genus"
"Chromista","Heterokontophyta","Bacillariophyceae","Biddulphiales","Biddulphiaceae","Biddulphia","Biddulphia","Biddulphia","phytoplankton","Other","Plankton"," 148967","Genus"
"Chromista","Bigyra","Blastocystea","Blastocystida","Blastocystidae","Blastocystis","Blastocystis","Blastocystis",NA,NA,NA,"1635533","Genus"
"Chromista","Bigyra","Blastocystea","Blastocystida","Blastocystidae","Blastocystis","Blastocystis hominis","Blastocystis hominis",NA,NA,NA," 708115","Species"
"Chromista","Ciliophora","Heterotrichea","Heterotrichida","Blepharismidae","Blepharisma","Blepharisma","Blepharisma","benthos","Macrobenthos","Macrobenthos"," 178694","Genus"
"Chromista","Cercozoa","Sarcomonadea","Glissomonadida","Bodomorphidae","Bodomorpha","Bodomorpha","Bodomorpha","zooplankton","Other","Plankton"," 603911","Genus"
"Chromista","Cercozoa","Ascetosporea","Haplosporida","Haplosporidiidae","Bonamia","Bonamia","Bonamia","zooplankton","Other","Plankton"," 246870","Genus"
"Chromista","Heterokontophyta","Bacillariophyceae","Surirellales","Surirellaceae","Campylodiscus","Campylodiscus","Campylodiscus","phytoplankton","Other","Plankton"," 149616","Genus"
"Chromista","Ciliophora","Oligohymenophorea","Sessilida","Vorticellidae","Carchesium","Carchesium polypinum","Carchesium polypinum","benthos","Macrobenthos","Macrobenthos"," 254450","Species"
"Chromista","Ciliophora","Oligohymenophorea","Philasterida","Loxocephalidae","Cardiostomatella","Cardiostomatella vermiformis","Cardiostomatella vermiformis","benthos","Macrobenthos","Macrobenthos"," 427046","Species"
"Animalia","Nemertea","Palaeonemertea","Carinomiformes","Carinomidae","Carinoma","Carinoma hamanako","Carinoma hamanako","benthos","Macrobenthos","Macrobenthos"," 712125","Species"
"Chromista","Ciliophora","Spirotrichea","Kiitrichida","Kiitrichidae","Caryotricha","Caryotricha minuta","Caryotricha minuta","benthos","Macrobenthos","Macrobenthos"," 427710","Species"
"Bacteria","Cyanobacteria","Cyanophyceae","Oscillatoriales","Aerosakkonemataceae","Cephalothrix","Cephalothrix","Cephalothrix","nanoplankton","Other","Plankton","1361004","Genus"
"Chromista","Cercozoa","Sarcomonadea","Cercomonadida","Cercomonadidae","Cercomonas","Cercomonas","Cercomonas","zooplankton","Other","Plankton"," 577493","Genus"
"Chromista","Ciliophora","Spirotrichea","Euplotida","Certesiidae","Certesia","Certesia quadrinucleata","Certesia quadrinucleata","benthos","Macrobenthos","Macrobenthos"," 427654","Species"
"Chromista","Heliozoa","Centrohelea","Centrohelida","Acanthocystidae","Choanocystis","Choanocystis","Choanocystis",NA,NA,NA," 428538","Genus"
"Chromista",NA,NA,NA,NA,"Chromera","Chromera","Chromera",NA,NA,NA," 594555","Genus"
"Chromista","Haptophyta","Coccolithophyceae","Prymnesiales","Chrysochromulinaceae","Chrysochromulina","Chrysochromulina","Chrysochromulina","phytoplankton","Other","Plankton"," 115090","Genus"
"Chromista","Ochrophyta","Chrysophyceae","Chromulinales","Chromulinaceae","Chrysoxys","Chrysoxys","Chrysoxys","mixoplankton","Other","Plankton"," 601177","Genus"
"Fungi","Chytridiomycota","Chytridiomycetes","Chytridiales","Chytridiaceae","Chytridium","Chytridium polysiphoniae","Chytridium polysiphoniae",NA,NA,NA," 164150","Species"
"Chromista","Myzozoa","Dinophyceae","Coccidiniales","Chytriodiniaceae","Chytriodinium","Chytriodinium","Chytriodinium","nanoplankton","Other","Plankton"," 494074","Genus"
"Chromista","Ciliophora","Oligohymenophorea","Philasterida","Cinetochilidae","Cinetochilum","Cinetochilum","Cinetochilum","benthos","Macrobenthos","Macrobenthos"," 415205","Genus"
"Animalia","Chordata","Teleostei","Clupeiformes","Clupeidae","Clupea","Clupea harengus","Clupea harengus","fish","fish","Fish"," 126417","Species"
"Chromista","Heterokontophyta","Bacillariophyceae","Achnanthales","Cocconeidaceae","Cocconeis","Cocconeis pediculus","Cocconeis pediculus","benthos","Macrobenthos","Macrobenthos"," 149377","Species"
"Chromista","Myzozoa","Dinophyceae","Gymnodiniales","Gymnodiniaceae","Cochlodinium","Cochlodinium","Cochlodinium","phytoplankton","Other","Plankton"," 109474","Genus"
"Chromista","Ciliophora","Oligotrichea","Choreotrichida","Codonellopsidae","Codonellopsis","Codonellopsis","Codonellopsis","microplankton","Other","Plankton"," 204197","Genus"
"Chromista","Cercozoa","Thecofilosea","Phaeodendrida","Coelodendridae","Coelodendrum","Coelodendrum ramosissimum","Coelodendrum ramosissimum","zooplankton","Other","Plankton"," 409593","Species"
"Chromista","Ciliophora","Oligohymenophorea","Philasterida","Cohnilembidae","Cohnilembus","Cohnilembus verminus","Cohnilembus verminus","benthos","Macrobenthos","Macrobenthos"," 417440","Species"
"Animalia","Rotifera","Eurotatoria","Collothecaceae","Collothecidae","Collotheca","Collotheca campanulata","Collotheca campanulata","benthos","Macrobenthos","Macrobenthos"," 886998","Species"
"Chromista","Ciliophora","Heterotrichea","Heterotrichida","Condylostomatidae","Condylostoma","Condylostoma","Condylostoma","benthos","Macrobenthos","Macrobenthos"," 172316","Genus"
"Chromista","Ciliophora","Heterotrichea","Heterotrichida","Condylostomatidae","Condylostoma","Condylostoma magnum","Condylostoma magnum","benthos","Macrobenthos","Macrobenthos"," 417077","Species"
"Chromista","Ciliophora","Heterotrichea","Heterotrichida","Condylostomatidae","Condylostoma","Condylostoma spatiosum","Condylostoma spatiosum","benthos","Macrobenthos","Macrobenthos"," 427936","Species"
"Animalia","Rotifera","Eurotatoria","Flosculariaceae","Conochilidae","Conochilus","Conochilus coenobasis","Conochilus coenobasis","benthos","Macrobenthos","Macrobenthos","1795189","Species"
"Chromista","Heterokontophyta","Bacillariophyceae","Corethrales","Corethraceae","Corethron","Corethron","Corethron","phytoplankton","Other","Plankton"," 149109","Genus"
"Chromista","Heterokontophyta","Bacillariophyceae","Coscinodiscales","Coscinodiscaceae","Coscinodiscus","Coscinodiscus","Coscinodiscus","phytoplankton","Other","Plankton"," 148917","Genus"
"Chromista","Ciliophora","Oligohymenophorea","Sessilida","Vaginicolidae","Cothurnia","Cothurnia","Cothurnia","benthos","Macrobenthos","Macrobenthos"," 341291","Genus"
"Chromista","Ciliophora","Oligohymenophorea","Pleuronematida","Cyclidiidae","Cristigera","Cristigera","Cristigera","benthos","Macrobenthos","Macrobenthos"," 415247","Genus"
"Chromista","Cercozoa","Thecofilosea","Cryomonadida","Protaspidae","Cryothecomonas","Cryothecomonas","Cryothecomonas","zooplankton","Other","Plankton"," 118011","Genus"
"Chromista","Cercozoa","Thecofilosea","Cryomonadida","Protaspidae","Cryothecomonas","Cryothecomonas aestivalis","Cryothecomonas aestivalis","mixoplankton","Other","Plankton"," 118045","Species"
"Chromista","Heterokontophyta","Bacillariophyceae","Surirellales","Surirellaceae","Cymatopleura","Cymatopleura","Cymatopleura","phytoplankton","Other","Plankton"," 149007","Genus"
"Chromista","Heterokontophyta","Bacillariophyceae","Bacillariales","Bacillariaceae","Cymbellonitzschia","Cymbellonitzschia banzuensis","Cymbellonitzschia banzuensis","phytoplankton","Other","Plankton","1307995","Species"
"Plantae","Chlorophyta","Pyramimonadophyceae","Pyramimonadales","Pyramimonadaceae","Cymbomonas","Cymbomonas tetramitiformis","Cymbomonas tetramitiformis","mixoplankton","Other","Plankton"," 134545","Species"
"Fungi","Basidiomycota","Tremellomycetes","Cystofilobasidiales","Cystofilobasidiaceae","Cystofilobasidium","Cystofilobasidium capitatum","Cystofilobasidium capitatum",NA,NA,NA," 437666","Species"
"Fungi","Basidiomycota","Dacrymycetes","Dacrymycetales","Dacrymycetaceae","Dacrymyces","Dacrymyces","Dacrymyces",NA,NA,NA,"1485672","Genus"
"Chromista","Oomycota","Bigyromonadea","Developayellales","Developayellales incertae sedis","Developayella","Developayella","Developayella",NA,NA,NA," 136141","Genus"
"Protozoa","Choanozoa","Choanoflagellatea","Acanthoecida","Acanthoecidae","Diaphanoeca","Diaphanoeca","Diaphanoeca","zooplankton","Other","Plankton"," 105513","Genus"
"Protozoa","Choanozoa","Choanoflagellatea","Acanthoecida","Acanthoecidae","Diaphanoeca","Diaphanoeca grandis","Diaphanoeca grandis","microplankton","Other","Plankton"," 105571","Species"
"Fungi","Ascomycota","Sordariomycetes","Diaporthales","Diaporthaceae","Diaporthe","Diaporthe","Diaporthe",NA,NA,NA," 437955","Genus"
"Chromista","Ochrophyta","Dictyochophyceae","Dictyochales","Dictyochaceae","Dictyocha","Dictyocha","Dictyocha","phytoplankton","Other","Plankton"," 157258","Genus"
"Chromista","Ciliophora","Litostomatea","Haptorida","Didiniidae","Didinium","Didinium","Didinium","benthos","Macrobenthos","Macrobenthos"," 341301","Genus"
"Chromista","Ciliophora","Litostomatea","Haptorida","Tracheliidae","Dileptus","Dileptus","Dileptus","benthos","Macrobenthos","Macrobenthos"," 415302","Genus"
"Chromista","Ciliophora","Spirotrichea","Euplotida","Uronychiidae","Diophrys","Diophrys apoligothrix","Diophrys apoligothrix","benthos","Macrobenthos","Macrobenthos"," 427694","Species"
"Chromista","Ciliophora","Spirotrichea","Euplotida","Uronychiidae","Diophrys","Diophrys appendiculata","Diophrys appendiculata","benthos","Macrobenthos","Macrobenthos"," 341637","Species"
"Fungi","Basidiomycota","Tremellomycetes","Tremellales","Tremellaceae","Dioszegia","Dioszegia antarctica","Dioszegia antarctica",NA,NA,NA," 988736","Species"
"Chromista","Heterokontophyta","Bacillariophyceae","Naviculales","Diploneidaceae","Diploneis","Diploneis","Diploneis","phytoplankton","Other","Plankton"," 149018","Genus"
"Chromista","Ciliophora","Nassophorea","Microthoracida","Discotrichidae","Discotricha","Discotricha papillifera","Discotricha papillifera","benthos","Macrobenthos","Macrobenthos"," 179270","Species"
"Chromista","Myzozoa","Dinoflagellata incertae sedis",NA,NA,"Duboscquella","Duboscquella","Duboscquella","plankton","Other","Plankton"," 601282","Genus"
"Chromista","Cercozoa","Thecofilosea","Ebriales","Ebriaceae","Ebria","Ebria","Ebria","phytoplankton","Other","Plankton"," 118014","Genus"
"Animalia","Tardigrada","Heterotardigrada","Echiniscoidea","Echiniscoididae","Echiniscoides","Echiniscoides sigismundi","Echiniscoides sigismundi","benthos","Macrobenthos","Macrobenthos"," 136679","Species"
"Chromista","Myzozoa","Ellobiopsea","Ellobiopsida","Ellobiopsidae","Ellobiopsis","Ellobiopsis","Ellobiopsis","algae","Other","Plankton"," 562628","Genus"
"Chromista","Heterokontophyta","Bacillariophyceae","Surirellales","Entomoneidaceae","Entomoneis","Entomoneis","Entomoneis","phytoplankton","Other","Plankton"," 156598","Genus"
"Chromista","Ciliophora","Oligohymenophorea","Sessilida","Vorticellidae","Epicarchesium","Epicarchesium","Epicarchesium","benthos","Macrobenthos","Macrobenthos"," 391846","Genus"
"Chromista","Ciliophora","Oligohymenophorea","Sessilida","Epistylididae","Epistylis","Epistylis","Epistylis","benthos","Macrobenthos","Macrobenthos"," 163583","Genus"
"Chromista","Myzozoa","Dinophyceae","Gymnodiniales","Warnowiaceae","Erythropsidinium","Erythropsidinium","Erythropsidinium","phytoplankton","Other","Plankton"," 231793","Genus"
"Chromista","Ciliophora","Heterotrichea","Heterotrichida","Folliculinidae","Eufolliculina","Eufolliculina","Eufolliculina","benthos","Macrobenthos","Macrobenthos"," 111849","Genus"
"Chromista","Ciliophora","Heterotrichea","Heterotrichida","Folliculinidae","Eufolliculina","Eufolliculina uhligi","Eufolliculina uhligi","benthos","Macrobenthos","Macrobenthos"," 111868","Species"
"Chromista","Ciliophora","Spirotrichea","Euplotida","Euplotidae","Euplotes","Euplotes","Euplotes","benthos","Macrobenthos","Macrobenthos"," 179326","Genus"
"Chromista","Ciliophora","Spirotrichea","Euplotida","Euplotidae","Euplotes","Euplotes aediculatus","Euplotes aediculatus","benthos","Macrobenthos","Macrobenthos"," 427655","Species"
"Chromista","Ciliophora","Spirotrichea","Euplotida","Euplotidae","Euplotes","Euplotes alatus","Euplotes alatus","benthos","Macrobenthos","Macrobenthos"," 427657","Species"
"Chromista","Ciliophora","Spirotrichea","Euplotida","Euplotidae","Euplotes","Euplotes bisulcatus","Euplotes bisulcatus","benthos","Macrobenthos","Macrobenthos"," 427661","Species"
"Chromista","Ciliophora","Spirotrichea","Euplotida","Euplotidae","Euplotes","Euplotes cristatus","Euplotes cristatus","benthos","Macrobenthos","Macrobenthos"," 417111","Species"
"Chromista","Ciliophora","Spirotrichea","Euplotida","Euplotidae","Euplotes","Euplotes orientalis","Euplotes orientalis","benthos","Macrobenthos","Macrobenthos"," 427672","Species"
"Chromista","Ciliophora","Spirotrichea","Euplotida","Euplotidae","Euplotes","Euplotes parabalteatus","Euplotes parabalteatus","benthos","Macrobenthos","Macrobenthos"," 427673","Species"
"Chromista","Ciliophora","Spirotrichea","Euplotida","Euplotidae","Euplotes","Euplotes rariseta","Euplotes rariseta","benthos","Macrobenthos","Macrobenthos"," 341652","Species"
"Chromista","Oomycota","Peronosporea","Saprolegniales","Ectrogellaceae","Eurychasma","Eurychasma dicksonii","Eurychasma dicksonii",NA,NA,NA," 172155","Species"
"Chromista","Ciliophora","Oligotrichea","Choreotrichida","Eutintinnidae","Eutintinnus","Eutintinnus","Eutintinnus","microplankton","Other","Plankton"," 183543","Genus"
"Chromista","Ciliophora","Oligotrichea","Choreotrichida","Eutintinnidae","Eutintinnus","Eutintinnus perminutus","Eutintinnus perminutus","microplankton","Other","Plankton"," 183568","Species"
"Fungi","Ascomycota","Eurotiomycetes","Chaetothyriales","Herpotrichiellaceae","Exophiala","Exophiala","Exophiala",NA,NA,NA,"1415558","Genus"
"Chromista","Ochrophyta","Raphidophyceae","Chattonellales","Vacuolariaceae","Fibrocapsa","Fibrocapsa japonica","Fibrocapsa japonica","mixoplankton","Other","Plankton"," 233761","Species"
"Protozoa","Amoebozoa","Tubulinea","Leptomyxida","Flabellulidae","Flabellula","Flabellula citata","Flabellula citata",NA,NA,NA," 120594","Species"
"Chromista","Heterokontophyta","Bacillariophyceae","Bacillariales","Bacillariaceae","Fragilariopsis","Fragilariopsis","Fragilariopsis","phytoplankton","Other","Plankton"," 149313","Genus"
"Chromista","Heterokontophyta","Bacillariophyceae","Naviculales","Amphipleuraceae","Frustulia","Frustulia","Frustulia","phytoplankton","Other","Plankton"," 604810","Genus"
"Animalia","Chordata","Teleostei","Gadiformes","Gadidae","Gadus","Gadus morhua","Gadus morhua","fish","fish","Fish"," 126436","Species"
"Chromista","Ciliophora","Spirotrichea","Euplotida","Gastrocirrhidae","Gastrocirrhus","Gastrocirrhus monilifer","Gastrocirrhus monilifer","benthos","Macrobenthos","Macrobenthos"," 427692","Species"
"Chromista","Ciliophora","Oligohymenophorea","Philasterida","Parauronematidae","Glauconema","Glauconema trihymene","Glauconema trihymene","benthos","Macrobenthos","Macrobenthos"," 427062","Species"
"Chromista","Cryptophyta","Goniomonadophyceae","Goniomonadales","Cyathomonadaceae","Goniomonas","Goniomonas","Goniomonas","phytoplankton","Other","Plankton"," 106286","Genus"
"Chromista","Cryptophyta","Goniomonadophyceae","Goniomonadales","Cyathomonadaceae","Goniomonas","Goniomonas avonlea","Goniomonas avonlea","phytoplankton","Other","Plankton","1371601","Species"
"Chromista","Myzozoa","Dinophyceae","Gonyaulacales","Gonyaulacaceae","Gonyaulax","Gonyaulax","Gonyaulax","phytoplankton","Other","Plankton"," 109519","Genus"
"Chromista","Myzozoa","Dinophyceae","Gonyaulacales","Gonyaulacaceae","Gonyaulax","Gonyaulax spinifera","Gonyaulax spinifera","nanoplankton","Other","Plankton"," 110041","Species"
"Chromista","Heterokontophyta","Bacillariophyceae","Fragilariales","Fragilariaceae","Grammonema","Grammonema","Grammonema","phytoplankton","Other","Plankton"," 602444","Genus"
"Chromista","Heterokontophyta","Bacillariophyceae","Rhizosoleniales","Rhizosoleniaceae","Guinardia","Guinardia","Guinardia","phytoplankton","Other","Plankton"," 149111","Genus"
"Chromista","Ciliophora","Oligohymenophorea","Apostomatida","Foettingeriidae","Gymnodinioides","Gymnodinioides pitelkae","Gymnodinioides pitelkae","benthos","Macrobenthos","Macrobenthos"," 389272","Species"
"Chromista","Myzozoa","Dinophyceae","Gymnodiniales","Gymnodiniaceae","Gymnodinium","Gymnodinium microreticulatum","Gymnodinium microreticulatum","phytoplankton","Other","Plankton"," 232813","Species"
"Chromista","Myzozoa","Dinophyceae","Gymnodiniales","Gyrodiniaceae","Gyrodinium","Gyrodinium","Gyrodinium","phytoplankton","Other","Plankton"," 109476","Genus"
"Chromista","Heterokontophyta","Bacillariophyceae","Naviculales","Pleurosigmataceae","Gyrosigma","Gyrosigma acuminatum","Gyrosigma acuminatum","benthos","Macrobenthos","Macrobenthos"," 149035","Species"
"Chromista","Oomycota","Peronosporea","Saprolegniales","Haliphthoraceae","Haliphthoros","Haliphthoros","Haliphthoros",NA,NA,NA," 172147","Genus"
"Plantae","Tracheophyta","Magnoliopsida","Alismatales","Cymodoceaceae","Halodule","Halodule uninervis","Halodule uninervis","phytobenthos","Other","Seagrass"," 208924","Species"
"Chromista","Myzozoa","Dinoflagellata incertae sedis",NA,NA,"Halostylodinium","Halostylodinium arenarium","Halostylodinium arenarium","microbenthos","Other","Microbenthos"," 612887","Species"
"Chromista","Haptophyta","Coccolithophyceae","Prymnesiales","Prymnesiaceae","Haptolina","Haptolina brevifila","Haptolina brevifila","mixoplankton","Other","Plankton"," 624975","Species"
"Chromista","Haptophyta","Coccolithophyceae","Prymnesiales","Prymnesiaceae","Haptolina","Haptolina hirta","Haptolina hirta","mixoplankton","Other","Plankton"," 699623","Species"
"Chromista","Heterokontophyta","Bacillariophyceae","Naviculales","Naviculaceae","Haslea","Haslea nipkowii","Haslea nipkowii","phytoplankton","Other","Plankton"," 549204","Species"
"Animalia","Tardigrada","Eutardigrada","Parachela","Ramazzottiidae","Hebesuncus","Hebesuncus","Hebesuncus","benthos","Macrobenthos","Macrobenthos"," 342571","Genus"
"Protozoa","Choanozoa","Choanoflagellatea","Acanthoecida","Acanthoecidae","Helgoeca","Helgoeca nana","Helgoeca nana",NA,NA,NA," 580086","Species"
"Chromista","Cryptophyta","Cryptophyceae","Pyrenomonadales","Chroomonadaceae","Hemiselmis","Hemiselmis","Hemiselmis","phytoplankton","Other","Plankton"," 106287","Genus"
"Chromista","Cryptophyta","Cryptophyceae","Pyrenomonadales","Chroomonadaceae","Hemiselmis","Hemiselmis cryptochromatica","Hemiselmis cryptochromatica","phytoplankton","Other","Plankton"," 623450","Species"
"Chromista","Cryptophyta","Cryptophyceae","Pyrenomonadales","Chroomonadaceae","Hemiselmis","Hemiselmis rufescens","Hemiselmis rufescens","phytoplankton","Other","Plankton"," 573878","Species"
"Chromista","Ciliophora","Oligohymenophorea","Philasterida","Uronematidae","Homalogastra","Homalogastra","Homalogastra","benthos","Macrobenthos","Macrobenthos"," 425585","Genus"
"Chromista","Ciliophora","Oligohymenophorea","Philasterida","Uronematidae","Homalogastra","Homalogastra setosa","Homalogastra setosa","benthos","Macrobenthos","Macrobenthos","1769006","Species"
"Chromista","Ciliophora","Oligohymenophorea","Apostomatida","Foettingeriidae","Hyalophysa","Hyalophysa","Hyalophysa","benthos","Macrobenthos","Macrobenthos"," 415489","Genus"
"Chromista","Haptophyta","Coccolithophyceae","Coccolithales","Hymenomonadaceae","Hymenomonas","Hymenomonas globosa","Hymenomonas globosa","phytoplankton","Other","Plankton"," 555940","Species"
"Plantae","Tracheophyta","Magnoliopsida","Aquifoliales","Aquifoliaceae","Ilex","Ilex","Ilex",NA,NA,NA," 415505","Genus"
"Plantae","Tracheophyta","Magnoliopsida","Ericales","Balsaminaceae","Impatiens","Impatiens","Impatiens",NA,NA,NA," 594782","Genus"
"Chromista","Haptophyta","Coccolithophyceae","Isochrysidales","Isochrysidaceae","Isochrysis","Isochrysis galbana","Isochrysis galbana","mixoplankton","Other","Plankton"," 573884","Species"
"Chromista","Myzozoa","Dinophyceae","Gymnodiniales","Kareniaceae","Karlodinium","Karlodinium","Karlodinium","phytoplankton","Other","Plankton"," 231789","Genus"
"Chromista","Cryptophyta","Cryptophyta incertae sedis",NA,"Katablepharidaceae","Katablepharis","Katablepharis","Katablepharis",NA,NA,NA," 601744","Genus"
"Animalia","Xenacoelomorpha",NA,"Acoela","Proporidae","Kuma","Kuma albiventer","Kuma albiventer","macrobenthos","Macrobenthos","Macrobenthos"," 379998","Species"
"Chromista","Bigyra","Labyrinthulea","Labyrinthulida","Labyrinthulaceae","Labyrinthula","Labyrinthula","Labyrinthula",NA,NA,NA," 119090","Genus"
"Chromista","Bigyra","Labyrinthulea","Thraustochytrida","Thraustochytriaceae","Labyrinthuloides","Labyrinthuloides minuta","Labyrinthuloides minuta",NA,NA,NA," 177380","Species"
"Protozoa","Choanozoa","Choanoflagellatea","Craspedida","Codosigidae","Lagenoeca","Lagenoeca","Lagenoeca",NA,NA,NA," 474842","Genus"
"Fungi","Ascomycota","Lecanoromycetes","Lecanorales","Lecanoraceae","Lecanora","Lecanora","Lecanora",NA,NA,NA," 147715","Genus"
"Chromista","Myzozoa","Conoidasida","Eugregarinorida","Lecudinidae","Lecudina","Lecudina","Lecudina",NA,NA,NA," 562703","Genus"
"Chromista","Myzozoa","Conoidasida","Eugregarinorida","Lecudinidae","Lecudina","Lecudina pellucida","Lecudina pellucida",NA,NA,NA," 563667","Species"
"Chromista","Myzozoa","Dinophyceae","Gymnodiniales","Gymnodiniaceae","Lepidodinium","Lepidodinium","Lepidodinium","phytoplankton","Other","Plankton"," 231790","Genus"
"Chromista","Cryptophyta","Cryptophyta incertae sedis",NA,"Katablepharidaceae","Leucocryptos","Leucocryptos","Leucocryptos","phytoplankton","Other","Plankton","  17651","Genus"
"Chromista","Myzozoa","Dinophyceae","Gonyaulacales","Lingulodiniaceae","Lingulodinium","Lingulodinium","Lingulodinium","phytoplankton","Other","Plankton"," 231799","Genus"
"Chromista","Ciliophora","Litostomatea","Pleurostomatida","Litonotidae","Litonotus","Litonotus","Litonotus","benthos","Macrobenthos","Macrobenthos"," 178762","Genus"
"Chromista","Ciliophora","Litostomatea","Pleurostomatida","Litonotidae","Loxophyllum","Loxophyllum","Loxophyllum","benthos","Macrobenthos","Macrobenthos"," 179322","Genus"
"Chromista","Ciliophora","Litostomatea","Pleurostomatida","Litonotidae","Loxophyllum","Loxophyllum perihoplophorum","Loxophyllum perihoplophorum","benthos","Macrobenthos","Macrobenthos"," 417364","Species"
"Fungi","Ascomycota","Sordariomycetes","Lulworthiales","Lulworthiaceae","Lulwoana","Lulwoana uniseptata","Lulwoana uniseptata",NA,NA,NA," 437724","Species"
"Chromista","Heterokontophyta","Bacillariophyceae","Lyrellales","Lyrellaceae","Lyrella","Lyrella","Lyrella","phytoplankton","Other","Plankton"," 180390","Genus"
"Protozoa","Sulcozoa","Glissodiscea","Mantamonadida","Mantamonadidae","Mantamonas","Mantamonas plastica","Mantamonas plastica",NA,NA,NA,"1737642","Species"
"Plantae","Chlorophyta","Mamiellophyceae","Mamiellales","Mamiellaceae","Mantoniella","Mantoniella squamata","Mantoniella squamata","mixoplankton","Other","Plankton"," 134563","Species"
"Chromista","Myzozoa","Conoidasida","Eucoccidiorida","Eimeriidae","Margolisiella","Margolisiella","Margolisiella",NA,NA,NA,"1770284","Genus"
"Chromista","Cercozoa","Granofilosea","Leucodictyida","Massisteriidae","Massisteria","Massisteria","Massisteria","zooplankton","Other","Plankton"," 428550","Genus"
"Chromista","Ciliophora","Oligohymenophorea","Philasterida","Orchitophryidae","Mesanophrys","Mesanophrys carcini","Mesanophrys carcini","benthos","Macrobenthos","Macrobenthos"," 427050","Species"
"Chromista","Ciliophora","Oligohymenophorea","Philasterida","Orchitophryidae","Metanophrys","Metanophrys similis","Metanophrys similis","benthos","Macrobenthos","Macrobenthos"," 387943","Species"
"Fungi","Ascomycota","Saccharomycetes","Saccharomycetales","Metschnikowiaceae","Metschnikowia","Metschnikowia","Metschnikowia",NA,NA,NA," 100182","Genus"
"Fungi","Ascomycota","Saccharomycetes","Saccharomycetales","Metschnikowiaceae","Metschnikowia","Metschnikowia bicuspidata","Metschnikowia bicuspidata",NA,NA,NA," 100447","Species"
"Chromista","Ciliophora","Oligohymenophorea","Philasterida","Parauronematidae","Miamiensis","Miamiensis avidus","Miamiensis avidus","benthos","Macrobenthos","Macrobenthos"," 427063","Species"
"Chromista","Cercozoa","Metromonadea","Metromonadida",NA,"Micrometopion","Micrometopion","Micrometopion","zooplankton","Other","Plankton"," 590937","Genus"
"Chromista","Cercozoa","Ascetosporea","Haplosporida","Haplosporidiidae","Minchinia","Minchinia","Minchinia","zooplankton","Other","Plankton"," 562869","Genus"
"Chromista","Cercozoa","Ascetosporea","Haplosporida","Haplosporidiidae","Minchinia","Minchinia chitonis","Minchinia chitonis","zooplankton","Other","Plankton"," 563579","Species"
"Chromista","Myzozoa","Conoidasida","Eugregarinorida","Monocystidae","Monocystis","Monocystis","Monocystis",NA,NA,NA," 562732","Genus"
"Protozoa","Choanozoa","Choanoflagellatea","Craspedida","Codonosigaceae","Monosiga","Monosiga ovata","Monosiga ovata","zooplankton","Other","Plankton"," 105645","Species"
"Plantae","Tracheophyta","Magnoliopsida","Zingiberales","Musaceae","Musa","Musa acuminata","Musa acuminata",NA,NA,NA,"1492213","Species"
"Chromista","Heterokontophyta","Bacillariophyceae","Naviculales","Naviculaceae","Navicula","Navicula","Navicula","phytoplankton","Other","Plankton"," 149142","Genus"
"Plantae","Chlorophyta","Nephroselmidophyceae","Nephroselmidales","Nephroselmidaceae","Nephroselmis","Nephroselmis pyriformis","Nephroselmis pyriformis","mixoplankton","Other","Plankton"," 134541","Species"
"Chromista","Heterokontophyta","Bacillariophyceae","Bacillariales","Bacillariaceae","Nitzschia","Nitzschia","Nitzschia","phytoplankton","Other","Plankton"," 149045","Genus"
"Chromista","Heterokontophyta","Bacillariophyceae","Bacillariales","Bacillariaceae","Nitzschia","Nitzschia longissima","Nitzschia longissima","phytoplankton","Other","Plankton"," 149150","Species"
"Chromista","Heterokontophyta","Bacillariophyceae","Bacillariales","Bacillariaceae","Nitzschia","Nitzschia ovalis","Nitzschia ovalis","benthos","Macrobenthos","Macrobenthos"," 175430","Species"
"Protozoa","Choanozoa","Cristidiscoidea","Nucleariida","Nucleariidae","Nuclearia","Nuclearia","Nuclearia",NA,NA,NA," 707589","Genus"
"Chromista","Myzozoa","Dinophyceae","Gymnodiniales","Gymnodiniaceae","Nusuttodinium","Nusuttodinium poecilochroum","Nusuttodinium poecilochroum","mixoplankton","Other","Plankton"," 840906","Species"
"Chromista","Bigyra","Labyrinthulea","Thraustochytrida","Thraustochytriaceae","Oblongichytrium","Oblongichytrium","Oblongichytrium",NA,NA,NA," 590572","Genus"
"Chromista","Heterokontophyta","Bacillariophyceae","Triceratiales","Triceratiaceae","Odontella","Odontella","Odontella","phytoplankton","Other","Plankton"," 148963","Genus"
"Chromista","Oomycota","Peronosporea","Olpidiopsidales","Olpidiopsidaceae","Olpidiopsis","Olpidiopsis","Olpidiopsis",NA,NA,NA," 172191","Genus"
"Chromista","Ciliophora","Oligotrichea","Oligotrichida","Strombidiidae","Omegastrombidium","Omegastrombidium elegans","Omegastrombidium elegans","mixoplankton","Other","Plankton"," 427716","Species"
"Chromista","Myzozoa","Dinophyceae","Oxyrrhinales","Oxyrrhinaceae","Oxyrrhis","Oxyrrhis marina","Oxyrrhis marina","microplankton","Other","Plankton"," 109902","Species"
"Chromista",NA,"Palpitea",NA,"Palpitomonadidae","Palpitomonas","Palpitomonas","Palpitomonas",NA,NA,NA,"1486515","Genus"
"Chromista","Myzozoa","Dinophyceae","Blastodiniales","Paradinophycidae","Paradinium","Paradinium","Paradinium","nanoplankton","Other","Plankton"," 562661","Genus"
"Chromista","Ciliophora","Spirotrichea","Euplotida","Uronychiidae","Paradiophrys","Paradiophrys irmgard","Paradiophrys irmgard","benthos","Macrobenthos","Macrobenthos"," 427701","Species"
"Chromista","Ciliophora","Spirotrichea","Euplotida","Uronychiidae","Paradiophrys","Paradiophrys zhangi","Paradiophrys zhangi","benthos","Macrobenthos","Macrobenthos","1768985","Species"
"Protozoa","Amoebozoa","Tubulinea","Leptomyxida","Flabellulidae","Paraflabellula","Paraflabellula reniformis","Paraflabellula reniformis",NA,NA,NA," 120600","Species"
"Chromista","Myzozoa","Dinophyceae","Gymnodiniales","Gymnodiniaceae","Paragymnodinium","Paragymnodinium","Paragymnodinium","nanoplankton","Other","Plankton"," 707629","Genus"
"Chromista","Myzozoa","Dinophyceae","Gymnodiniales","Gymnodiniaceae","Paragymnodinium","Paragymnodinium shiwhaense","Paragymnodinium shiwhaense","mixoplankton","Other","Plankton"," 761431","Species"
"Chromista","Ciliophora","Oligotrichea","Oligotrichida","Strombidiidae","Parallelostrombidium","Parallelostrombidium","Parallelostrombidium","zooplankton","Other","Plankton"," 393604","Genus"
"Chromista","Ciliophora","Oligotrichea","Oligotrichida","Strombidiidae","Parallelostrombidium","Parallelostrombidium conicum","Parallelostrombidium conicum","zooplankton","Other","Plankton"," 761915","Species"
"Chromista","Ciliophora","Oligohymenophorea","Peniculida","Parameciidae","Paramecium","Paramecium","Paramecium","benthos","Macrobenthos","Macrobenthos"," 415756","Genus"
"Animalia","Xenacoelomorpha",NA,"Acoela","Mecynostomidae","Paramecynostomum","Paramecynostomum diversicolor","Paramecynostomum diversicolor","macrobenthos","Macrobenthos","Macrobenthos"," 142687","Species"
"Chromista","Ciliophora","Oligohymenophorea","Philasterida","Orchitophryidae","Paranophrys","Paranophrys marina","Paranophrys marina","benthos","Macrobenthos","Macrobenthos"," 427056","Species"
"Chromista","Ciliophora","Oligotrichea","Choreotrichida","Strombidinopsidae","Parastrombidinopsis","Parastrombidinopsis minima","Parastrombidinopsis minima","zooplankton","Other","Plankton"," 427385","Species"
"Chromista","Ciliophora","Oligotrichea","Choreotrichida","Strombidinopsidae","Parastrombidinopsis","Parastrombidinopsis shimi","Parastrombidinopsis shimi","zooplankton","Other","Plankton"," 396309","Species"
"Animalia","Xenacoelomorpha",NA,"Acoela","Paratomellidae","Paratomella","Paratomella","Paratomella","macrobenthos","Macrobenthos","Macrobenthos"," 142184","Genus"
"Protozoa","Dinophyta","Perkinsophyceae","Perkinsales","Parviluciferaceae","Parvilucifera","Parvilucifera","Parvilucifera","zooplankton","Other","Plankton"," 603335","Genus"
"Protozoa","Dinophyta","Perkinsophyceae","Perkinsales","Parviluciferaceae","Parvilucifera","Parvilucifera sinerae","Parvilucifera sinerae","zooplankton","Other","Plankton"," 707712","Species"
"Chromista","Cercozoa","Imbricatea","Euglyphida","Paulinellideae","Paulinella","Paulinella","Paulinella","phytoplankton","Other","Plankton"," 136779","Genus"
"Chromista","Haptophyta","Pavlovophyceae","Pavlovales","Pavlovaceae","Pavlova","Pavlova","Pavlova","mixoplankton","Other","Plankton"," 249731","Genus"
"Chromista","Haptophyta","Pavlovophyceae","Pavlovales","Pavlovaceae","Pavlova","Pavlova gyrans","Pavlova gyrans","mixoplankton","Other","Plankton"," 573929","Species"
"Chromista","Ciliophora","Oligotrichea","Choreotrichida","Strobilidiidae","Pelagostrobilidium","Pelagostrobilidium","Pelagostrobilidium","zooplankton","Other","Plankton"," 101182","Genus"
"Animalia","Chordata","Teleostei","Perciformes","Percidae","Perca","Perca fluviatilis","Perca fluviatilis","fish","fish","Fish"," 151353","Species"
"Chromista","Myzozoa","Dinophyceae","Peridiniales","Peridiniaceae","Peridinium","Peridinium","Peridinium","phytoplankton","Other","Plankton"," 109549","Genus"
"Chromista","Ciliophora","Heterotrichea","Heterotrichida","Peritromidae","Peritromus","Peritromus","Peritromus","benthos","Macrobenthos","Macrobenthos"," 172321","Genus"
"Chromista","Myzozoa","Perkinsea","Perkinsida","Perkinsidae","Perkinsus","Perkinsus","Perkinsus","algae","Other","Plankton"," 103344","Genus"
"Chromista","Haptophyta","Coccolithophyceae","Phaeocystales","Phaeocystaceae","Phaeocystis","Phaeocystis","Phaeocystis","phytoplankton","Other","Plankton"," 115088","Genus"
"Chromista","Haptophyta","Coccolithophyceae","Phaeocystales","Phaeocystaceae","Phaeocystis","Phaeocystis globosa","Phaeocystis globosa","phytoplankton","Other","Plankton"," 160538","Species"
"Chromista","Heterokontophyta","Bacillariophyceae","Naviculales","Phaeodactylaceae","Phaeodactylum","Phaeodactylum","Phaeodactylum","phytoplankton","Other","Plankton"," 175582","Genus"
"Chromista","Cercozoa","Phytomyxea","Phytomyxea incertae sedis",NA,"Phagomyxa","Phagomyxa","Phagomyxa","zooplankton","Other","Plankton"," 172144","Genus"
"Chromista","Myzozoa","Dinophyceae","Dinophysales","Oxyphysaceae","Phalacroma","Phalacroma","Phalacroma","phytoplankton","Other","Plankton"," 109466","Genus"
"Chromista","Myzozoa","Dinophyceae","Gymnodiniales","Polykrikaceae","Pheopolykrikos","Pheopolykrikos beauchampii","Pheopolykrikos beauchampii","phytoplankton","Other","Plankton"," 109896","Species"
"Chromista","Ciliophora","Litostomatea","Haptorida","Lacrymariidae","Phialina","Phialina","Phialina","benthos","Macrobenthos","Macrobenthos"," 425537","Genus"
"Chromista","Ciliophora","Litostomatea","Haptorida","Lacrymariidae","Phialina","Phialina salinarum","Phialina salinarum","benthos","Macrobenthos","Macrobenthos"," 426571","Species"
"Chromista","Ciliophora","Oligohymenophorea","Philasterida","Philasteridae","Philaster","Philaster","Philaster","benthos","Macrobenthos","Macrobenthos"," 415804","Genus"
"Chromista","Ciliophora","Oligohymenophorea","Philasterida","Philasteridae","Philasterides","Philasterides armatalis","Philasterides armatalis","benthos","Macrobenthos","Macrobenthos"," 427069","Species"
"Chromista","Radiozoa","Acantharia","Arthracanthida","Phyllostauridae","Phyllostaurus","Phyllostaurus","Phyllostaurus","mixoplankton","Other","Plankton","1699131","Genus"
"Chromista","Oomycota","Peronosporea","Peronosporales","Peronosporaceae","Phytophthora","Phytophthora","Phytophthora",NA,NA,NA,"1457131","Genus"
"Fungi","Ascomycota","Saccharomycetes","Saccharomycetales","Pichiaceae","Pichia","Pichia","Pichia",NA,NA,NA," 147588","Genus"
"Plantae","Picozoa","Picomonadea","Picomonadida","Picomonadidae","Picomonas","Picomonas","Picomonas",NA,NA,NA," 730535","Genus"
"Chromista","Heterokontophyta","Bacillariophyceae","Naviculales","Pinnulariaceae","Pinnularia","Pinnularia","Pinnularia","phytoplankton","Other","Plankton"," 149208","Genus"
"Protozoa",NA,NA,NA,NA,"Pirsonia","Pirsonia","Pirsonia",NA,NA,NA," 118022","Genus"
"Protozoa",NA,NA,NA,NA,"Pirsonia","Pirsonia verrucosa","Pirsonia verrucosa",NA,NA,NA," 118068","Species"
"Chromista","Ciliophora","Prostomatea","Prorodontida","Placidae","Placus","Placus salinus","Placus salinus","benthos","Macrobenthos","Macrobenthos"," 417416","Species"
"Animalia","Chordata","Teleostei","Pleuronectiformes","Pleuronectidae","Platichthys","Platichthys stellatus","Platichthys stellatus","fish","fish","Fish"," 154781","Species"
"Protozoa","Choanozoa","Choanoflagellatea","Acanthoecida","Acanthoecidae","Pleurasiga","Pleurasiga minima","Pleurasiga minima","zooplankton","Other","Plankton"," 105598","Species"
"Protozoa","Choanozoa","Choanoflagellatea","Acanthoecida","Acanthoecidae","Pleurasiga","Pleurasiga reynoldsii","Pleurasiga reynoldsii","zooplankton","Other","Plankton"," 105601","Species"
"Chromista","Ciliophora","Oligohymenophorea","Pleuronematida","Pleuronematidae","Pleuronema","Pleuronema","Pleuronema","benthos","Macrobenthos","Macrobenthos"," 163556","Genus"
"Chromista","Heterokontophyta","Bacillariophyceae","Naviculales","Pleurosigmataceae","Pleurosigma","Pleurosigma","Pleurosigma","phytoplankton","Other","Plankton"," 149181","Genus"
"Chromista","Myzozoa","Dinophyceae","Gymnodiniales","Polykrikaceae","Polykrikos","Polykrikos herdmaniae","Polykrikos herdmaniae","microbenthos","Other","Microbenthos"," 623118","Species"
"Chromista","Myzozoa","Dinophyceae","Gymnodiniales","Polykrikaceae","Polykrikos","Polykrikos kofoidii","Polykrikos kofoidii","microplankton","Other","Plankton"," 109899","Species"
"Fungi","Ascomycota","Dothideomycetes","Pleosporales","Sporormiaceae","Preussia","Preussia","Preussia",NA,NA,NA," 100126","Genus"
"Animalia","Rotifera","Eurotatoria","Ploima","Proalidae","Proales","Proales reinhardti","Proales reinhardti","microbenthos","Other","Microbenthos"," 135036","Species"
"Chromista","Heterokontophyta","Bacillariophyceae","Rhizosoleniales","Rhizosoleniaceae","Proboscia","Proboscia","Proboscia","phytoplankton","Other","Plankton"," 149167","Genus"
"Chromista","Myzozoa","Dinophyceae","Prorocentrales","Prorocentraceae","Prorocentrum","Prorocentrum","Prorocentrum","phytoplankton","Other","Plankton"," 109566","Genus"
"Chromista","Myzozoa","Dinophyceae","Prorocentrales","Prorocentraceae","Prorocentrum","Prorocentrum foraminosum","Prorocentrum foraminosum","microbenthos","Other","Microbenthos"," 232437","Species"
"Chromista","Myzozoa","Dinophyceae","Gymnodiniales","Warnowiaceae","Proterythropsis","Proterythropsis","Proterythropsis","nanoplankton","Other","Plankton"," 231794","Genus"
"Chromista","Ciliophora","Spirotrichea","Protocruziida","Protocruziidae","Protocruzia","Protocruzia","Protocruzia","benthos","Macrobenthos","Macrobenthos"," 415870","Genus"
"Chromista","Ciliophora","Spirotrichea","Protocruziida","Protocruziidae","Protocruzia","Protocruzia adherens","Protocruzia adherens","benthos","Macrobenthos","Macrobenthos"," 427746","Species"
"Chromista","Ciliophora","Spirotrichea","Protocruziida","Protocruziidae","Protocruzia","Protocruzia granulosa","Protocruzia granulosa","benthos","Macrobenthos","Macrobenthos"," 427748","Species"
"Chromista","Ciliophora","Spirotrichea","Protocruziida","Protocruziidae","Protocruzia","Protocruzia tuzeti","Protocruzia tuzeti","benthos","Macrobenthos","Macrobenthos"," 427750","Species"
"Chromista","Myzozoa","Dinophyceae","Peridiniales","Protoperidiniaceae","Protoperidinium","Protoperidinium","Protoperidinium","phytoplankton","Other","Plankton"," 109553","Genus"
"Chromista","Myzozoa","Dinophyceae","Peridiniales","Protoperidiniaceae","Protoperidinium","Protoperidinium bipes","Protoperidinium bipes","microplankton","Other","Plankton"," 110208","Species"
"Chromista","Myzozoa","Dinophyceae","Peridiniales","Protoperidiniaceae","Protoperidinium","Protoperidinium claudicans","Protoperidinium claudicans","microplankton","Other","Plankton"," 163862","Species"
"Chromista","Myzozoa","Dinophyceae","Peridiniales","Protoperidiniaceae","Protoperidinium","Protoperidinium depressum","Protoperidinium depressum","microplankton","Other","Plankton"," 110217","Species"
"Chromista","Myzozoa","Dinophyceae","Peridiniales","Protoperidiniaceae","Protoperidinium","Protoperidinium excentricum","Protoperidinium excentricum","microplankton","Other","Plankton"," 110220","Species"
"Chromista","Myzozoa","Dinophyceae","Peridiniales","Protoperidiniaceae","Protoperidinium","Protoperidinium pellucidum","Protoperidinium pellucidum","nanoplankton","Other","Plankton"," 110245","Species"
"Chromista","Myzozoa","Dinophyceae","Peridiniales","Protoperidiniaceae","Protoperidinium","Protoperidinium thulesense","Protoperidinium thulesense","microplankton","Other","Plankton"," 232861","Species"
"Chromista","Haptophyta","Coccolithophyceae","Prymnesiales","Prymnesiaceae","Prymnesium","Prymnesium","Prymnesium","phytoplankton","Other","Plankton"," 160563","Genus"
"Chromista","Haptophyta","Coccolithophyceae","Prymnesiales","Prymnesiaceae","Prymnesium","Prymnesium parvum","Prymnesium parvum","mixoplankton","Other","Plankton"," 160564","Species"
"Chromista","Haptophyta","Coccolithophyceae","Prymnesiales","Prymnesiaceae","Prymnesium","Prymnesium pigrum","Prymnesium pigrum","mixoplankton","Other","Plankton"," 624973","Species"
"Chromista","Heliozoa","Centrohelea","Pterocystida","Pterocystidae","Pterocystis","Pterocystis","Pterocystis",NA,NA,NA,"1748110","Genus"
"Chromista","Ciliophora","Oligotrichea","Choreotrichida","Ptychocylididae","Ptychocylis","Ptychocylis minor","Ptychocylis minor","microplankton","Other","Plankton"," 427510","Species"
"Chromista","Myzozoa","Dinophyceae","Gymnodiniales","Ptychodiscaceae","Ptychodiscus","Ptychodiscus","Ptychodiscus","phytoplankton","Other","Plankton"," 109478","Genus"
"Animalia","Rotifera","Eurotatoria","Flosculariaceae","Flosculariidae","Ptygura","Ptygura beauchampi","Ptygura beauchampi","benthos","Macrobenthos","Macrobenthos","1796131","Species"
"Plantae","Chlorophyta","Pyramimonadophyceae","Pyramimonadales","Pyramimonadaceae","Pyramimonas","Pyramimonas","Pyramimonas","phytoplankton","Other","Plankton"," 134529","Genus"
"Plantae","Chlorophyta","Pyramimonadophyceae","Pyramimonadales","Pyramimonadaceae","Pyramimonas","Pyramimonas gelidicola","Pyramimonas gelidicola","mixoplankton","Other","Plankton"," 341612","Species"
"Plantae","Chlorophyta","Pyramimonadophyceae","Pyramimonadales","Pyramimonadaceae","Pyramimonas","Pyramimonas obovata","Pyramimonas obovata","phytoplankton","Other","Plankton"," 376151","Species"
"Plantae","Chlorophyta","Pyramimonadophyceae","Pyramimonadales","Pyramimonadaceae","Pyramimonas","Pyramimonas olivacea","Pyramimonas olivacea","phytoplankton","Other","Plankton"," 495346","Species"
"Plantae","Chlorophyta","Pyramimonadophyceae","Pyramimonadales","Pyramimonadaceae","Pyramimonas","Pyramimonas parkeae","Pyramimonas parkeae","mixoplankton","Other","Plankton"," 495287","Species"
"Chromista","Oomycota","Peronosporea","Pythiales","Pythiaceae","Pythium","Pythium","Pythium",NA,NA,NA," 172180","Genus"
"Plantae","Tracheophyta","Magnoliopsida","Ranunculales","Ranunculaceae","Ranunculus","Ranunculus","Ranunculus",NA,NA,NA," 416215","Genus"
"Chromista","Haptophyta","Pavlovophyceae","Pavlovales","Pavlovaceae","Rebecca","Rebecca salina","Rebecca salina","algae","Other","Plankton"," 573916","Species"
"Protozoa","Amoebozoa","Tubulinea","Leptomyxida","Leptomyxida incertae sedis","Rhizamoeba","Rhizamoeba","Rhizamoeba",NA,NA,NA," 120548","Genus"
"Protozoa","Amoebozoa","Tubulinea","Leptomyxida","Leptomyxida incertae sedis","Rhizamoeba","Rhizamoeba saxonica","Rhizamoeba saxonica",NA,NA,NA," 120614","Species"
"Fungi","Chytridiomycota","Chytridiomycetes","Rhizophydiales","Rhizophydiaceae","Rhizophydium","Rhizophydium","Rhizophydium",NA,NA,NA," 162973","Genus"
"Chromista","Heterokontophyta","Bacillariophyceae","Rhizosoleniales","Rhizosoleniaceae","Rhizosolenia","Rhizosolenia","Rhizosolenia","phytoplankton","Other","Plankton"," 149069","Genus"
"Chromista","Cercozoa","Thecofilosea","Cryomonadida","Rhogostomidae","Rhogostoma","Rhogostoma","Rhogostoma","zooplankton","Other","Plankton","1737147","Genus"
"Chromista","Heterokontophyta","Bacillariophyceae","Cymbellales","Rhoicospheniaceae","Rhoicosphenia","Rhoicosphenia stoermeri","Rhoicosphenia stoermeri","phytoplankton","Other","Plankton","1214718","Species"
"Chromista","Bigyra","Bicosoecophyceae","Rictales","Rictaceae","Rictus","Rictus","Rictus",NA,NA,NA,"1736990","Genus"
"Chromista","Ciliophora","Oligotrichea","Choreotrichida","Strobilidiidae","Rimostrombidium","Rimostrombidium","Rimostrombidium","zooplankton","Other","Plankton"," 101183","Genus"
"Protozoa","Choanozoa","Cristidiscoidea","Rozellida","Rozellidae","Rozella","Rozella","Rozella",NA,NA,NA," 707611","Genus"
"Plantae","Tracheophyta","Magnoliopsida","Rosales","Rosaceae","Rubus","Rubus","Rubus",NA,NA,NA," 415940","Genus"
"Chromista","Ciliophora","Oligotrichea","Choreotrichida","Tintinnidae","Salpingella","Salpingella","Salpingella","microplankton","Other","Plankton"," 183566","Genus"
"Protozoa","Choanozoa","Choanoflagellatea","Craspedida","Salpingoecidae","Salpingoeca","Salpingoeca tuba","Salpingoeca tuba","zooplankton","Other","Plankton"," 105682","Species"
"Protozoa","Choanozoa","Choanoflagellatea","Craspedida","Salpingoecidae","Salpingoeca","Salpingoeca urceolata","Salpingoeca urceolata","zooplankton","Other","Plankton"," 105684","Species"
"Chromista","Foraminifera","Nodosariata","Vaginulinida","Vaginulinidae","Saracenaria","Saracenaria","Saracenaria","meiobenthos","Macrobenthos","Macrobenthos"," 112288","Genus"
"Chromista","Ciliophora","Oligohymenophorea","Philasterida","Cinetochilidae","Sathrophilus","Sathrophilus holtae","Sathrophilus holtae","benthos","Macrobenthos","Macrobenthos"," 427034","Species"
"Chromista","Bigyra","Labyrinthulea","Thraustochytrida","Thraustochytriaceae","Schizochytrium","Schizochytrium minutum","Schizochytrium minutum",NA,NA,NA," 119116","Species"
"Chromista","Myzozoa","Dinophyceae","Thoracosphaerales","Thoracosphaeraceae","Scrippsiella","Scrippsiella","Scrippsiella","phytoplankton","Other","Plankton"," 109545","Genus"
"Chromista","Myzozoa","Conoidasida","Eugregarinorida","Selenidiidae","Selenidium","Selenidium","Selenidium",NA,NA,NA," 562744","Genus"
"Chromista","Heterokontophyta","Bacillariophyceae","Naviculales","Sellaphoraceae","Sellaphora","Sellaphora","Sellaphora","phytoplankton","Other","Plankton"," 157078","Genus"
"Chromista","Myzozoa","Dinophyceae","Dinophysales","Dinophysaceae","Sinophysis","Sinophysis","Sinophysis","phytoplankton","Other","Plankton"," 109467","Genus"
"Chromista","Ciliophora","Oligotrichea","Oligotrichida","Strombidiidae","Spirostrombidium","Spirostrombidium schizostomum","Spirostrombidium schizostomum","zooplankton","Other","Plankton"," 427722","Species"
"Chromista","Ciliophora","Oligotrichea","Oligotrichida","Strombidiidae","Spirostrombidium","Spirostrombidium subtropicum","Spirostrombidium subtropicum","zooplankton","Other","Plankton"," 761917","Species"
"Chromista","Ciliophora","Oligotrichea","Oligotrichida","Tontoniidae","Spirotontonia","Spirotontonia","Spirotontonia","mixoplankton","Other","Plankton"," 425652","Genus"
"Animalia","Xenacoelomorpha",NA,"Nemertodermatida","Nemertodermatidae","Sterreria","Sterreria","Sterreria","macrobenthos","Macrobenthos","Macrobenthos"," 379828","Genus"
"Chromista","Ciliophora","Oligotrichea","Choreotrichida","Strombidinopsidae","Strombidinopsis","Strombidinopsis acuminata","Strombidinopsis acuminata","zooplankton","Other","Plankton"," 101350","Species"
"Chromista","Ciliophora","Oligotrichea","Choreotrichida","Strombidinopsidae","Strombidinopsis","Strombidinopsis batos","Strombidinopsis batos","zooplankton","Other","Plankton"," 595206","Species"
"Chromista","Ciliophora","Oligotrichea","Oligotrichida","Strombidiidae","Strombidium","Strombidium","Strombidium","zooplankton","Other","Plankton"," 101195","Genus"
"Chromista","Ciliophora","Oligotrichea","Oligotrichida","Strombidiidae","Strombidium","Strombidium apolatum","Strombidium apolatum","mixoplankton","Other","Plankton"," 389612","Species"
"Chromista","Ciliophora","Oligotrichea","Oligotrichida","Strombidiidae","Strombidium","Strombidium conicum","Strombidium conicum","mixoplankton","Other","Plankton"," 101289","Species"
"Chromista","Ciliophora","Oligotrichea","Oligotrichida","Strombidiidae","Strombidium","Strombidium rassoulzadegani","Strombidium rassoulzadegani","mixoplankton","Other","Plankton"," 595221","Species"
"Chromista","Myzozoa","Dinophyceae","Syndiniales","Syndiniaceae","Syndinium","Syndinium","Syndinium","nanoplankton","Other","Plankton"," 562667","Genus"
"Fungi","Ascomycota","Taphrinomycetes","Taphrinales","Taphrinaceae","Taphrina","Taphrina","Taphrina",NA,NA,NA," 988625","Genus"
"Chromista","Cryptophyta","Telonemea","Telonemida",NA,"Telonema","Telonema","Telonema",NA,NA,NA," 118028","Genus"
"Chromista","Cryptophyta","Telonemea","Telonemida",NA,"Telonema","Telonema antarcticum","Telonema antarcticum","zooplankton","Other","Plankton"," 118074","Species"
"Chromista","Cryptophyta","Telonemea","Telonemida",NA,"Telonema","Telonema subtile","Telonema subtile","zooplankton","Other","Plankton"," 118075","Species"
"Chromista","Haptophyta","Coccolithophyceae","Coccolithales","Coccolithaceae","Tergestiella","Tergestiella adriatica","Tergestiella adriatica","phytoplankton","Other","Plankton"," 840383","Species"
"Chromista","Ciliophora","Oligohymenophorea","Tetrahymenida","Tetrahymenidae","Tetrahymena","Tetrahymena","Tetrahymena","benthos","Macrobenthos","Macrobenthos"," 416056","Genus"
"Plantae","Chlorophyta","Chlorodendrophyceae","Chlorodendrales","Chlorodendraceae","Tetraselmis","Tetraselmis","Tetraselmis","phytoplankton","Other","Plankton"," 134526","Genus"
"Animalia","Nemertea","Hoplonemertea","Monostilifera","Tetrastemmatidae","Tetrastemma","Tetrastemma","Tetrastemma","benthos","Macrobenthos","Macrobenthos"," 122419","Genus"
"Chromista","Myzozoa","Ellobiopsea","Ellobiopsida","Ellobiopsidae","Thalassomyces","Thalassomyces","Thalassomyces","algae","Other","Plankton"," 562629","Genus"
"Chromista","Bigyra","Labyrinthulea","Thraustochytrida","Thraustochytriaceae","Thraustochytrium","Thraustochytrium","Thraustochytrium",NA,NA,NA," 119095","Genus"
"Chromista","Bigyra","Labyrinthulea","Thraustochytrida","Thraustochytriaceae","Thraustochytrium","Thraustochytrium kinnei","Thraustochytrium kinnei",NA,NA,NA," 119121","Species"
"Chromista","Ciliophora","Oligotrichea","Choreotrichida","Codonellidae","Tintinnopsis","Tintinnopsis","Tintinnopsis","zooplankton","Other","Plankton"," 163780","Genus"
"Chromista","Ciliophora","Oligotrichea","Choreotrichida","Codonellidae","Tintinnopsis","Tintinnopsis parvula","Tintinnopsis parvula","zooplankton","Other","Plankton"," 417153","Species"
"Chromista","Ciliophora","Litostomatea","Haptorida","Helicoprorodontidae","Trachelotractus","Trachelotractus entzi","Trachelotractus entzi","benthos","Macrobenthos","Macrobenthos"," 426547","Species"
"Animalia","Rotifera","Eurotatoria","Ploima","Trichocercidae","Trichocerca","Trichocerca rattus","Trichocerca rattus",NA,NA,NA," 148342","Species"
"Protozoa","Metamonada","Anaeromonadea","Trimastigida",NA,"Trimastix","Trimastix","Trimastix",NA,NA,NA," 118033","Genus"
"Animalia","Chordata","Teleostei","Blenniiformes","Tripterygiidae","Tripterygion","Tripterygion delaisi","Tripterygion delaisi","fish","fish","Fish"," 127090","Species"
"Plantae","Tracheophyta","Magnoliopsida","Poales","Typhaceae","Typha","Typha angustifolia","Typha angustifolia",NA,NA,NA,"1415753","Species"
"Chromista","Bigyra","Labyrinthulea","Thraustochytrida","Thraustochytriaceae","Ulkenia","Ulkenia","Ulkenia",NA,NA,NA," 119096","Genus"
"Chromista","Haptophyta","Coccolithophyceae","Coccolithales","Calcidiscaceae","Umbilicosphaera","Umbilicosphaera sibogae","Umbilicosphaera sibogae","phytoplankton","Other","Plankton"," 235985","Species"
"Chromista","Heterokontophyta","Bacillariophyceae","Thalassiophysales","Catenulaceae","Undatella","Undatella","Undatella","phytoplankton","Other","Plankton"," 577743","Genus"
"Chromista","Ciliophora","Oligohymenophorea","Philasterida","Uronematidae","Uronema","Uronema marinum","Uronema marinum","microbenthos","Other","Microbenthos"," 172341","Species"
"Chromista","Ciliophora","Spirotrichea","Euplotida","Uronychiidae","Uronychia","Uronychia","Uronychia","benthos","Macrobenthos","Macrobenthos"," 341364","Genus"
"Chromista","Myzozoa","Conoidasida","Eugregarinorida","Urosporidae","Urospora","Urospora ovalis","Urospora ovalis",NA,NA,NA," 563247","Species"
"Chromista","Myzozoa","Conoidasida","Eugregarinorida","Urosporidae","Urospora","Urospora travisiae","Urospora travisiae",NA,NA,NA," 563253","Species"
"Chromista","Ciliophora","Oligohymenophorea","Sessilida","Vaginicolidae","Vaginicola","Vaginicola","Vaginicola","benthos","Macrobenthos","Macrobenthos"," 345440","Genus"
"Chromista","Ciliophora","Oligohymenophorea","Apostomatida","Foettingeriidae","Vampyrophrya","Vampyrophrya pelagica","Vampyrophrya pelagica","benthos","Macrobenthos","Macrobenthos","1030592","Species"
"Fungi","Ascomycota","Eurotiomycetes","Verrucariales","Verrucariaceae","Verrucaria","Verrucaria","Verrucaria",NA,NA,NA," 147701","Genus"
"Chromista","Ciliophora","Oligohymenophorea","Sessilida","Vorticellidae","Vorticella","Vorticella","Vorticella","benthos","Macrobenthos","Macrobenthos"," 163573","Genus"
"Chromista","Ciliophora","Oligohymenophorea","Sessilida","Vorticellidae","Vorticella","Vorticella convallaria","Vorticella convallaria","benthos","Macrobenthos","Macrobenthos"," 426952","Species"
"Chromista","Bigyra","Placidiophyceae","Placidiales","Placidiaceae","Wobblia","Wobblia","Wobblia",NA,NA,NA," 590696","Genus"
"Chromista","Bigyra","Placidiophyceae","Placidiales","Placidiaceae","Wobblia","Wobblia lunata","Wobblia lunata",NA,NA,NA," 590697","Species"
"Fungi","Ascomycota","Saccharomycetes","Saccharomycetales","Dipodascaceae","Yarrowia","Yarrowia","Yarrowia",NA,NA,NA,"1457192","Genus"
"Chromista","Ciliophora","Oligohymenophorea","Sessilida","Zoothamniidae","Zoothamnium","Zoothamnium","Zoothamnium","benthos","Macrobenthos","Macrobenthos"," 162403","Genus"
"Chromista","Ciliophora","Oligohymenophorea","Sessilida","Zoothamniidae","Zoothamnopsis","Zoothamnopsis","Zoothamnopsis","benthos","Macrobenthos","Macrobenthos"," 391916","Genus"
"Chromista","Ciliophora","Nassophorea","Synhymeniida","Orthodonellidae","Zosterodasys","Zosterodasys agamalievi","Zosterodasys agamalievi","benthos","Macrobenthos","Macrobenthos"," 426701","Species"
